epoch,train_loss,val_loss
1,0.6720694047398865,0.6710965814469736
2,0.5912380969913845,0.5530305489709105
3,0.5016477495135571,0.5026907113533986
4,0.4185339610981332,0.48555349021018307
5,0.3577628272098743,0.4507197935747195
