epoch,train_loss,val_loss
1,0.6935754393820058,0.6874153568774839
2,0.6692536573179744,0.679845717134355
3,0.6470346170562234,0.6431079567233219
4,0.6152403162453662,0.6172017481508134
5,0.5806398813358762,0.6319302267666105
