epoch,train_loss,val_loss
1,0.6598678467033262,0.5752949322326274
2,0.5403570300391451,0.5514385741722735
3,0.457374924370511,0.516891486848457
4,0.3879909291228449,0.4822880350336244
5,0.331587520385669,0.5034966140608245
