epoch,train_loss,val_loss
1,0.6489439384419132,0.5896835478046273
2,0.5407261992804706,0.5471405692492859
3,0.4628110841678625,0.566441202465492
4,0.3900828545235775,0.5964839918703972
5,0.3245003068057651,0.6135681075385854
