epoch,train_loss,val_loss
1,0.6745345098474487,0.638341092610661
2,0.5823903987607495,0.5402626632889614
3,0.48335351164198737,0.49050858145273185
4,0.40969669531014835,0.4787795251306099
5,0.3449629190674221,0.5338638854932182
